time_ms,membrane_potential_mV,firing_rate_Hz,phase_radians,synaptic_current_nA
0,-65.2,5.662323213399248,0.14483570765056164,0.033837173645764544
5,-63.9,7.579650865592491,0.46308678494144073,0.057652628070325236
10,-61.8,10.112964816183338,0.9223844269050346,0.11271280021792983
15,-59.7,12.006197171220311,1.2961514928204012,0.14768291153593768
20,-60.3,8.473769258769645,2.038292331263833,0.07767135123214872
25,-63.0,6.444875665920617,2.508293152152541,0.051209811357830176
30,-65.4,4.820732852562651,3.1889606407753694,0.03043359877671101
